name,price,url
Люстра Ливсден Brown,17 590,/product/lyustra-livsden-brown
Подвесной светильник Ливсден Brown,4390,/product/podvesnoj-svetilnik-livsden-brown
Настольная лампа Ливсден Brown,7690,/product/nastolnaya-lampa-livsden-brown
Бра Флиммер Black,1860,/product/bra-flimmer-black
Люстра Флиммер Black,6920,/product/lyustra-flimmer-black
Подвесной светильник Флиммер Black,2080,/product/podvesnoj-svetilnik-flimmer-black
Настольная лампа Флиммер Black,3290,/product/nastolnaya-lampa-flimmer-black
Торшер Флиммер Black,5490,/product/torsher-flimmer-black
Люстра Гейза Black,10 990,/product/lyustra-gejza-black
Настольная лампа Гейза Black,3840,/product/nastolnaya-lampa-gejza-black
Настольная лампа Гейза Pink,3290,/product/nastolnaya-lampa-gejza-pink
Настольная лампа Гейза Blue,3290,/product/nastolnaya-lampa-gejza-blue
Настольная лампа Гейза Orange,4390,/product/nastolnaya-lampa-gejza-orange
Настольная лампа Алней Black,4390,/product/nastolnaya-lampa-alnej-black
Настольная лампа Алней Beige,4390,/product/nastolnaya-lampa-alnej-beige
Настольная лампа Алней Green,4390,/product/nastolnaya-lampa-alnej-green
Настольная лампа Алней Orange,4390,/product/nastolnaya-lampa-alnej-orange
Торшер Алней Green,8790,/product/torsher-alnej-green
Торшер Алней Black,8790,/product/torsher-alnej-black
Торшер Алней Orange,8790,/product/torsher-alnej-orange
Торшер Алней Beige,8790,/product/torsher-alnej-beige
Настольная лампа Арбет Orange,2630,/product/nastolnaya-lampa-arbet-orange
Настольная лампа Арбет Silver,2960,/product/nastolnaya-lampa-arbet-silver
Настольная лампа Арбет Beige,2190,/product/nastolnaya-lampa-arbet-beige
Настольная лампа Арбет White,2630,/product/nastolnaya-lampa-arbet-white
Настольная лампа Арбет Black,2190,/product/nastolnaya-lampa-arbet-black
Настольная лампа Синдри Grey,4830,/product/nastolnaya-lampa-sindri-grey
Люстра Синдри Black,12 090,/product/lyustra-sindri-black
Настольная лампа Манэт White,2960,/product/nastolnaya-lampa-manet-white
Настольная лампа Леррет Beige,4390,/product/nastolnaya-lampa-lerret-beige
Настольная лампа Леррет White,2190,/product/nastolnaya-lampa-lerret-white
Настольная лампа Истад Black,1860,/product/nastolnaya-lampa-istad-black
Настольная лампа Истад White,1860,/product/nastolnaya-lampa-istad-white
Люстра Боллар White,25 290,/product/lyustra-bollar-white
Настольная лампа Рибе Black,2190,/product/nastolnaya-lampa-ribe-black
Настольная лампа Рибе Orange,2190,/product/nastolnaya-lampa-ribe-orange
Настольная лампа Снибальд White,760,/product/nastolnaya-lampa-snibald-white
Настольная лампа Спайк Pink,1090,/product/nastolnaya-lampa-spajk-pink
Настольная лампа Спайк White,1090,/product/nastolnaya-lampa-spajk-white
Настольная лампа Астри Black,1090,/product/nastolnaya-lampa-astri-black
Настольная лампа Астри Beige,1090,/product/nastolnaya-lampa-astri-beige
Подвесной светильник Клауд White,10 990,/product/podvesnoj-svetilnik-klaud-white
Торшер Клауд White,20 120,/product/torsher-klaud-white
Настольная лампа Клауд White,17 590,/product/nastolnaya-lampa-klaud-white
Настольная лампа Машрум Olive,4390,/product/nastolnaya-lampa-mashrum-olive
Настольная лампа Машрум Pink,4390,/product/nastolnaya-lampa-mashrum-pink
Подвесной светильник Селау-2 Glass,4390,/product/podvesnoj-svetilnik-selau-2-glass
Бра Пинна Black,7690,/product/bra-pinna-black
